{
  "type": "minecraft:entity",
  "pools": [
    {
      "rolls": 1,
      "bonus_rolls": 0,
      "entries": [
        {
          "type": "minecraft:item",
          "name": "minecraft:rotten_flesh",
          "functions": [
            {
              "function": "minecraft:set_count",
              "count": {
                "type": "minecraft:uniform",
                "min": 0,
                "max": 2
              },
              "add": false
            },
            {
              "function": "minecraft:enchanted_count_increase",
              "enchantment": "minecraft:looting",
              "count": {
                "type": "minecraft:uniform",
                "min": 0,
                "max": 1
              }
            }
          ]
        }
      ]
    },
    {
      "rolls": 1,
      "bonus_rolls": 0,
      "entries": [
        {
          "type": "minecraft:item",
          "name": "minecraft:sand",
          "functions": [
            {
              "function": "minecraft:set_count",
              "count": {
                "type": "minecraft:uniform",
                "min": 1,
                "max": 5
              }
            },
            {
              "function": "minecraft:enchanted_count_increase",
              "enchantment": "minecraft:looting",
              "count": {
                "type": "minecraft:uniform",
                "min": 1,
                "max": 5
              }
            }
          ],
          "conditions": [
            {
              "condition": "minecraft:killed_by_player"
            }
          ]
        }
      ]
    },
    {
      "rolls": 1,
      "bonus_rolls": 0,
      "entries": [
        {
          "type": "minecraft:item",
          "name": "minecraft:iron_ingot"
        },
        {
          "type": "minecraft:item",
          "name": "minecraft:carrot"
        },
        {
          "type": "minecraft:item",
          "name": "minecraft:potato",
          "functions": [
            {
              "function": "minecraft:furnace_smelt",
              "conditions": [
                {
                  "condition": "minecraft:any_of",
                  "terms": [
                    {
                      "condition": "minecraft:entity_properties",
                      "entity": "this",
                      "predicate": {
                        "flags": {
                          "is_on_fire": true
                        }
                      }
                    },
                    {
                      "condition": "minecraft:entity_properties",
                      "entity": "direct_attacker",
                      "predicate": {
                        "equipment": {
                          "mainhand": {
                            "predicates": {
                              "minecraft:enchantments": [
                                {
                                  "enchantments": "#minecraft:smelts_loot"
                                }
                              ]
                            }
                          }
                        }
                      }
                    }
                  ]
                }
              ]
            }
          ]
        }
      ],
      "conditions": [
        {
          "condition": "minecraft:killed_by_player"
        },
        {
          "condition": "minecraft:random_chance_with_enchanted_bonus",
          "enchantment": "minecraft:looting",
          "unenchanted_chance": 0.025,
          "enchanted_chance": {
            "type": "minecraft:linear",
            "base": 0.035,
            "per_level_above_first": 0.01
          }
        }
      ]
    }
  ],
  "random_sequence": "minecraft:entities/husk"
}
